contractSymbol,lastTradeDate,strike,lastPrice,bid,ask,change,percentChange,volume,openInterest,impliedVolatility,inTheMoney,contractSize,currency,type
SPY270630C00520000,2026-08-17 17:56:15+00:00,520.0,272.96,262.31,267.0,0.0,0.0,10.0,11,0.4269008726501466,True,REGULAR,USD,call
SPY270630C00540000,2026-08-10 18:42:57+00:00,540.0,254.6,243.85,248.5,0.0,0.0,,1,0.40669843795776367,True,REGULAR,USD,call
SPY270630C00545000,2026-08-17 16:21:53+00:00,545.0,251.87,239.29,244.0,0.0,0.0,,1,0.40241839042663574,True,REGULAR,USD,call
SPY270630C00550000,2026-08-20 19:37:23+00:00,550.0,235.75,234.71,239.5,0.0,0.0,1.0,2,0.3980849376678467,True,REGULAR,USD,call
SPY270630C00560000,2026-08-06 16:34:32+00:00,560.0,232.31,225.58,230.5,0.0,0.0,2.0,0,0.3892730751037598,True,REGULAR,USD,call
SPY270630C00570000,2026-08-14 13:49:14+00:00,570.0,231.0,216.51,221.5,0.0,0.0,1.0,1,0.38028573822021483,True,REGULAR,USD,call
SPY270630C00575000,2026-08-14 18:06:32+00:00,575.0,225.0,212.0,216.99,0.0,0.0,,1,0.37567763000488286,True,REGULAR,USD,call
SPY270630C00580000,2026-08-11 13:52:33+00:00,580.0,218.29,207.5,212.48,0.0,0.0,3.0,20,0.3710084872436523,True,REGULAR,USD,call
SPY270630C00585000,2026-07-23 13:30:09+00:00,585.0,187.43,201.18,206.0,0.0,0.0,1.0,1,0.35503269485473626,True,REGULAR,USD,call
SPY270630C00595000,2026-08-04 14:34:53+00:00,595.0,198.42,194.08,199.0,0.0,0.0,1.0,4,0.3570620935058594,True,REGULAR,USD,call
SPY270630C00600000,2026-08-20 17:15:25+00:00,600.0,192.44,189.64,194.5,0.0,0.0,1.0,12,0.3522937696075439,True,REGULAR,USD,call
SPY270630C00610000,2026-08-20 17:15:25+00:00,610.0,183.65,180.8,185.5,0.0,0.0,1.0,1,0.34261979408264154,True,REGULAR,USD,call
SPY270630C00615000,2026-08-20 14:26:41+00:00,615.0,180.53,176.41,181.0,0.0,0.0,1.0,4,0.33772177177429197,True,REGULAR,USD,call
SPY270630C00620000,2026-08-20 14:27:20+00:00,620.0,175.99,172.02,177.0,0.0,0.0,1.0,5,0.33530327789306635,True,REGULAR,USD,call
SPY270630C00625000,2026-08-24 14:26:10+00:00,625.0,168.0,167.68,172.5,0.0,0.0,1.0,2,0.33028318649291993,True,REGULAR,USD,call
SPY270630C00630000,2026-08-10 13:49:42+00:00,630.0,174.46,163.33,168.0,0.0,0.0,6.0,4,0.32521731918334956,True,REGULAR,USD,call
SPY270630C00635000,2026-08-04 15:30:29+00:00,635.0,163.77,159.02,164.0,0.0,0.0,1.0,2,0.3225165405273437,True,REGULAR,USD,call
SPY270630C00640000,2026-08-25 13:42:59+00:00,640.0,157.58,154.74,159.5,-8.0,-4.8315015,2.0,8,0.31732097480773924,True,REGULAR,USD,call
SPY270630C00650000,2026-08-18 14:33:22+00:00,650.0,153.09,146.22,151.0,0.0,0.0,16.0,33,0.3091041990661621,True,REGULAR,USD,call
SPY270630C00655000,2026-08-12 17:28:39+00:00,655.0,152.35,142.0,146.99,0.0,0.0,2.0,3,0.30596091995239255,True,REGULAR,USD,call
SPY270630C00660000,2026-08-21 19:41:35+00:00,660.0,142.99,137.82,142.5,0.0,0.0,1.0,5,0.30055936264038086,True,REGULAR,USD,call
SPY270630C00664000,2026-08-04 14:09:46+00:00,664.0,138.23,134.5,139.47,0.0,0.0,1.0,1,0.2986901796722411,True,REGULAR,USD,call
SPY270630C00665000,2026-08-14 18:37:26+00:00,665.0,146.38,133.64,138.5,0.0,0.0,2.0,2,0.29727112648010245,True,REGULAR,USD,call
SPY270630C00666000,2026-08-13 18:06:47+00:00,666.0,145.8,132.83,137.5,0.0,0.0,1.0,1,0.29572237487792963,True,REGULAR,USD,call
SPY270630C00668000,2026-07-02 18:01:03+00:00,668.0,120.66,129.57,134.5,0.0,0.0,2.0,1,0.2882532723236083,True,REGULAR,USD,call
SPY270630C00669000,2026-08-20 18:05:47+00:00,669.0,132.0,130.35,135.0,0.0,0.0,5.0,24,0.29325047576904284,True,REGULAR,USD,call
SPY270630C00670000,2026-08-20 14:33:31+00:00,670.0,133.42,129.51,134.5,0.0,0.0,6.0,35,0.29386845054626454,True,REGULAR,USD,call
SPY270630C00671000,2026-08-13 14:11:48+00:00,671.0,143.87,128.69,133.5,0.0,0.0,1.0,29,0.29230444030761704,True,REGULAR,USD,call
SPY270630C00672000,2026-08-10 18:30:14+00:00,672.0,138.66,127.86,132.5,0.0,0.0,1.0,29,0.29074805938720694,True,REGULAR,USD,call
SPY270630C00673000,2026-08-04 19:21:09+00:00,673.0,139.19,127.04,132.0,0.0,0.0,,4,0.29134314620971674,True,REGULAR,USD,call
SPY270630C00674000,2026-08-04 16:54:02+00:00,674.0,135.89,126.22,131.0,0.0,0.0,,5,0.2897791359710693,True,REGULAR,USD,call
SPY270630C00675000,2026-08-20 16:29:17+00:00,675.0,128.0,125.4,130.0,0.0,0.0,1.0,16,0.2882151257324218,True,REGULAR,USD,call
SPY270630C00676000,2026-08-03 18:13:08+00:00,676.0,123.99,124.58,129.5,0.0,0.0,,0,0.2887796952819824,True,REGULAR,USD,call
SPY270630C00677000,2026-08-03 18:04:01+00:00,677.0,123.11,123.77,128.5,0.0,0.0,,2,0.28720805572509756,True,REGULAR,USD,call
SPY270630C00680000,2026-08-11 17:36:34+00:00,680.0,130.69,121.33,126.0,0.0,0.0,55.0,33,0.284614087524414,True,REGULAR,USD,call
SPY270630C00681000,2026-06-29 18:58:17+00:00,681.0,110.48,118.97,123.5,0.0,0.0,,0,0.2767177431488036,True,REGULAR,USD,call
SPY270630C00685000,2026-08-12 19:02:21+00:00,685.0,127.92,117.28,122.0,0.0,0.0,6.0,2,0.2808986095428466,True,REGULAR,USD,call
SPY270630C00687000,2026-08-21 19:02:59+00:00,687.0,118.78,115.67,120.5,0.0,0.0,1.0,20,0.2797999877166747,True,REGULAR,USD,call
SPY270630C00688000,2026-08-11 17:30:40+00:00,688.0,124.01,114.87,119.5,0.0,0.0,,2,0.2782054602050781,True,REGULAR,USD,call
SPY270630C00689000,2026-08-11 17:29:15+00:00,689.0,123.37,114.07,119.0,0.0,0.0,2.0,2,0.27867084861755365,True,REGULAR,USD,call
SPY270630C00690000,2026-08-13 19:58:23+00:00,690.0,126.8,113.27,118.0,0.0,0.0,1.0,87,0.27707632110595704,True,REGULAR,USD,call
SPY270630C00691000,2026-08-11 17:56:25+00:00,691.0,121.89,112.5,117.47,0.0,0.0,,10,0.27740438179016114,True,REGULAR,USD,call
SPY270630C00693000,2026-08-11 17:56:51+00:00,693.0,120.3,110.88,115.5,0.0,0.0,,16,0.27432213722229004,True,REGULAR,USD,call
SPY270630C00694000,2026-08-11 18:27:55+00:00,694.0,118.67,110.09,115.0,0.0,0.0,,17,0.2747493790435791,True,REGULAR,USD,call
SPY270630C00695000,2026-08-19 16:20:36+00:00,695.0,118.09,109.29,114.0,0.0,0.0,2.0,163,0.2731395928955078,True,REGULAR,USD,call
SPY270630C00696000,2026-08-11 20:09:04+00:00,696.0,117.31,108.5,113.5,0.0,0.0,127.0,65,0.27355157608032227,True,REGULAR,USD,call
SPY270630C00697000,2026-08-11 20:10:23+00:00,697.0,116.58,107.71,112.5,0.0,0.0,,56,0.2719341606140136,True,REGULAR,USD,call
SPY270630C00698000,2026-08-11 19:40:21+00:00,698.0,116.09,107.0,111.78,0.0,0.0,22.0,25,0.2714458842468262,True,REGULAR,USD,call
SPY270630C00699000,2026-08-11 19:40:32+00:00,699.0,115.23,106.14,111.0,0.0,0.0,3.0,3,0.27070584037780765,True,REGULAR,USD,call
SPY270630C00700000,2026-08-24 18:38:51+00:00,700.0,106.8,106.22,110.0,0.0,0.0,1.0,38,0.269088424911499,True,REGULAR,USD,call
SPY270630C00701000,2026-08-13 19:18:12+00:00,701.0,119.75,104.57,109.5,0.0,0.0,,15,0.2694622615051269,True,REGULAR,USD,call
SPY270630C00704000,2026-08-12 16:01:39+00:00,704.0,112.02,102.22,107.0,0.0,0.0,,6,0.26655549125671385,True,REGULAR,USD,call
SPY270630C00705000,2026-08-12 16:00:58+00:00,705.0,111.25,101.5,106.44,0.0,0.0,4.0,6,0.2666623017120362,True,REGULAR,USD,call
SPY270630C00706000,2026-08-12 16:02:42+00:00,706.0,110.46,100.67,105.5,0.0,0.0,,40,0.2652585071563721,True,REGULAR,USD,call
SPY270630C00707000,2026-08-12 16:03:15+00:00,707.0,109.64,99.9,104.5,0.0,0.0,,25,0.2636182037353516,True,REGULAR,USD,call
SPY270630C00708000,2026-08-12 16:03:32+00:00,708.0,108.79,99.12,104.0,0.0,0.0,,14,0.26393100578308104,True,REGULAR,USD,call
SPY270630C00709000,2026-08-12 16:11:07+00:00,709.0,107.0,98.35,103.0,0.0,0.0,,39,0.26228307304382326,True,REGULAR,USD,call
SPY270630C00710000,2026-08-12 16:26:17+00:00,710.0,106.36,97.58,102.5,0.0,0.0,17.0,9,0.2625882457733154,True,REGULAR,USD,call
SPY270630C00712000,2026-08-20 18:38:19+00:00,712.0,95.37,96.05,101.0,0.0,0.0,1.0,1,0.2612225978088379,True,REGULAR,USD,call
SPY270630C00713000,2026-08-25 16:47:53+00:00,713.0,97.49,95.28,100.0,14.459999,17.41539,1.0,2,0.2595594064331055,True,REGULAR,USD,call
SPY270630C00715000,2026-08-04 13:38:55+00:00,715.0,96.25,93.76,98.5,0.0,0.0,1.0,6,0.2581632411956787,True,REGULAR,USD,call
SPY270630C00716000,2026-08-10 17:56:03+00:00,716.0,103.74,93.0,97.99,0.0,0.0,,20,0.2583844914245606,True,REGULAR,USD,call
SPY270630C00717000,2026-08-10 18:38:41+00:00,717.0,102.83,92.24,97.0,0.0,0.0,3.0,4,0.25674418800354004,True,REGULAR,USD,call
SPY270630C00718000,2026-08-10 18:37:31+00:00,718.0,102.07,91.5,96.47,0.0,0.0,,41,0.2568738864135742,True,REGULAR,USD,call
SPY270630C00719000,2026-08-10 18:40:06+00:00,719.0,101.44,90.72,95.5,0.0,0.0,3.0,3,0.2553022468566895,True,REGULAR,USD,call
SPY270630C00720000,2026-08-25 13:52:23+00:00,720.0,93.06,90.0,94.97,0.6800003,0.7360904,1.0,15,0.2554166866302491,True,REGULAR,USD,call
SPY270630C00722000,2026-08-20 18:40:11+00:00,722.0,90.63,88.5,93.46,0.0,0.0,1.0,9,0.2538984523010254,True,REGULAR,USD,call
SPY270630C00723000,2026-08-11 19:47:39+00:00,723.0,96.46,87.72,92.5,0.0,0.0,16.0,9,0.25234970069885254,True,REGULAR,USD,call
SPY270630C00724000,2026-08-11 19:47:23+00:00,724.0,95.71,87.0,91.97,0.0,0.0,22.0,14,0.2524336231994629,True,REGULAR,USD,call
SPY270630C00725000,2026-08-18 14:35:15+00:00,725.0,93.01,86.23,91.0,0.0,0.0,3.0,7,0.2508390956878661,True,REGULAR,USD,call
SPY270630C00726000,2026-08-25 19:24:02+00:00,726.0,87.13,85.5,90.48,-2.4800034,-2.767552,1.0,10,0.25094590614318846,True,REGULAR,USD,call
SPY270630C00727000,2026-08-11 19:44:43+00:00,727.0,93.65,84.75,89.5,0.0,0.0,,4,0.24930560272216795,True,REGULAR,USD,call
SPY270630C00728000,2026-08-11 19:44:11+00:00,728.0,92.93,84.01,89.0,0.0,0.0,4.0,5,0.24946581840515133,True,REGULAR,USD,call
SPY270630C00729000,2026-08-11 19:43:51+00:00,729.0,92.2,83.27,88.0,0.0,0.0,,1,0.2477492218017578,True,REGULAR,USD,call
SPY270630C00730000,2026-08-11 19:43:29+00:00,730.0,91.48,82.54,87.5,0.0,0.0,3.0,7,0.24789417884826662,True,REGULAR,USD,call
SPY270630C00731000,2026-07-02 16:08:18+00:00,731.0,76.17,80.42,85.0,0.0,0.0,2.0,0,0.2405624040222168,True,REGULAR,USD,call
SPY270630C00732000,2026-08-20 18:42:07+00:00,732.0,82.6,81.07,86.0,0.0,0.0,1.0,3,0.24629965133666992,True,REGULAR,USD,call
SPY270630C00733000,2026-07-29 16:25:10+00:00,733.0,64.96,80.34,85.0,0.0,0.0,5.0,2,0.24456016677856446,True,REGULAR,USD,call
SPY270630C00734000,2026-08-11 15:23:23+00:00,734.0,90.33,79.61,84.5,0.0,0.0,2.0,9,0.24468223587036136,True,REGULAR,USD,call
SPY270630C00735000,2026-08-24 13:32:38+00:00,735.0,80.0,79.0,83.78,0.0,0.0,1.0,29,0.24397270927429202,True,REGULAR,USD,call
SPY270630C00736000,2026-08-24 13:30:03+00:00,736.0,80.0,78.17,83.0,0.0,0.0,1.0,4,0.24303430313110352,True,REGULAR,USD,call
SPY270630C00737000,2026-08-14 19:59:51+00:00,737.0,90.0,77.5,82.44,0.0,0.0,1.0,5,0.2429046047210693,True,REGULAR,USD,call
SPY270630C00738000,2026-08-07 15:23:30+00:00,738.0,88.02,76.72,81.5,0.0,0.0,2.0,10,0.24136348243713376,True,REGULAR,USD,call
SPY270630C00739000,2026-07-27 16:59:34+00:00,739.0,64.01,76.01,81.0,0.0,0.0,7.0,11,0.24143977561950683,True,REGULAR,USD,call
SPY270630C00740000,2026-08-10 14:33:03+00:00,740.0,86.42,75.29,80.0,0.0,0.0,1.0,23,0.23966977378845208,True,REGULAR,USD,call
SPY270630C00741000,2026-08-04 15:13:27+00:00,741.0,81.79,74.58,79.5,0.0,0.0,3.0,13,0.23973080833435054,True,REGULAR,USD,call
SPY270630C00742000,2026-08-20 18:43:53+00:00,742.0,75.65,74.0,78.78,0.0,0.0,1.0,9,0.2389831351470947,True,REGULAR,USD,call
SPY270630C00743000,2026-08-03 14:57:58+00:00,743.0,71.04,73.16,78.0,0.0,0.0,1.0,3,0.23799895309448238,True,REGULAR,USD,call
SPY270630C00744000,2026-07-17 18:11:33+00:00,744.0,66.93,71.29,76.0,0.0,0.0,11.0,13,0.23255161987304687,True,REGULAR,USD,call
SPY270630C00745000,2026-08-20 18:58:52+00:00,745.0,72.81,71.75,76.5,0.0,0.0,1.0,13,0.2362442098999023,True,REGULAR,USD,call
SPY270630C00746000,2026-08-07 19:54:13+00:00,746.0,81.67,71.05,76.0,0.0,0.0,9.0,17,0.23626709785461422,True,REGULAR,USD,call
SPY270630C00747000,2026-08-07 19:01:33+00:00,747.0,80.56,70.5,75.28,0.0,0.0,7.0,6,0.23547364875793456,True,REGULAR,USD,call
SPY270630C00748000,2026-08-14 16:03:19+00:00,748.0,82.11,69.65,74.5,0.0,0.0,10.0,6,0.23446657875061036,True,REGULAR,USD,call
SPY270630C00749000,2026-08-07 17:23:19+00:00,749.0,78.96,69.0,73.95,0.0,0.0,3.0,12,0.234283475112915,True,REGULAR,USD,call
SPY270630C00750000,2026-08-25 19:16:34+00:00,750.0,70.09,68.27,73.0,-0.69000244,-0.9748551,1.0,39,0.23263554237365722,True,REGULAR,USD,call
SPY270630C00751000,2026-08-17 18:02:08+00:00,751.0,77.78,67.58,72.5,0.0,0.0,1.0,24,0.2326202837371826,True,REGULAR,USD,call
SPY270630C00752000,2026-08-07 18:58:34+00:00,752.0,76.34,67.0,71.88,0.0,0.0,308.0,224,0.23216252464294432,True,REGULAR,USD,call
SPY270630C00753000,2026-08-20 18:45:31+00:00,753.0,68.02,66.2,71.0,0.0,0.0,1.0,5,0.23075110076904298,True,REGULAR,USD,call
SPY270630C00754000,2026-08-03 14:42:38+00:00,754.0,63.61,65.52,70.5,0.0,0.0,1.0,5,0.23070532485961914,True,REGULAR,USD,call
SPY270630C00755000,2026-08-24 16:43:32+00:00,755.0,66.96,65.0,69.84,0.0,0.0,1.0,169,0.23007972076416017,True,REGULAR,USD,call
SPY270630C00756000,2026-08-07 16:52:46+00:00,756.0,74.09,64.17,69.0,0.0,0.0,150.0,100,0.228797995300293,True,REGULAR,USD,call
SPY270630C00757000,2026-07-30 13:40:01+00:00,757.0,50.03,63.5,68.49,0.0,0.0,1.0,59,0.2286911848449707,True,REGULAR,USD,call
SPY270630C00758000,2026-08-21 19:51:15+00:00,758.0,66.02,63.0,67.78,0.0,0.0,1.0,9,0.2278672184753418,True,REGULAR,USD,call
SPY270630C00759000,2026-08-25 16:22:56+00:00,759.0,63.63,62.15,66.47,1.1000023,1.7591593,1.0,7,0.2248727110671997,True,REGULAR,USD,call
SPY270630C00760000,2026-08-24 19:06:16+00:00,760.0,62.75,61.5,66.48,0.0,0.0,2.0,136,0.22661219562530516,True,REGULAR,USD,call
SPY270630C00761000,2026-08-11 13:32:46+00:00,761.0,71.6,61.0,65.82,0.0,0.0,,10,0.22593700096130373,True,REGULAR,USD,call
SPY270630C00762000,2026-08-13 15:11:45+00:00,762.0,72.89,60.16,65.0,0.0,0.0,1.0,1,0.22468579277038572,True,REGULAR,USD,call
SPY270630C00763000,2026-08-24 14:16:13+00:00,763.0,59.78,59.51,64.5,0.0,0.0,1.0,14,0.22456753833770748,True,REGULAR,USD,call
SPY270630C00764000,2026-08-25 16:04:35+00:00,764.0,61.1,60.0,63.85,0.87999725,1.461304,6.0,37,0.22390760231018061,True,REGULAR,USD,call
SPY270630C00765000,2026-08-25 16:38:40+00:00,765.0,60.19,58.2,62.35,0.18999863,0.31666437,7.0,29,0.22019975364685054,True,REGULAR,USD,call
SPY270630C00766000,2026-08-25 14:19:12+00:00,766.0,60.0,58.5,62.08,2.0,3.4482758,2.0,39,0.22087876296997067,False,REGULAR,USD,call
SPY270630C00767000,2026-08-21 15:33:10+00:00,767.0,60.11,57.0,61.9,0.0,0.0,2.0,48,0.22187057434082028,False,REGULAR,USD,call
SPY270630C00768000,2026-08-20 14:51:35+00:00,768.0,60.64,56.27,61.0,0.0,0.0,20.0,28,0.22029130546569822,False,REGULAR,USD,call
SPY270630C00769000,2026-08-04 16:02:41+00:00,769.0,61.6,55.63,60.5,0.0,0.0,1.0,82,0.22012346046447748,False,REGULAR,USD,call
SPY270630C00770000,2026-08-25 19:16:34+00:00,770.0,56.92,55.0,59.99,0.33999634,0.6009126,12.0,471,0.21990983955383298,False,REGULAR,USD,call
SPY270630C00775000,2026-08-25 18:25:56+00:00,775.0,53.73,52.0,56.85,-0.08000183,-0.14867465,16.0,462,0.21662160339355468,False,REGULAR,USD,call
SPY270630C00780000,2026-08-25 19:42:33+00:00,780.0,51.06,50.64,51.92,1.9099998,3.8860626,1.0,168,0.20676452423095698,False,REGULAR,USD,call
SPY270630C00785000,2026-08-25 15:46:43+00:00,785.0,47.8,48.28,48.37,-0.95000076,-1.9487195,2.0,474,0.2015689585113525,False,REGULAR,USD,call
SPY270630C00790000,2026-08-25 19:34:44+00:00,790.0,44.93,45.41,45.49,0.7900009,1.7897619,2.0,688,0.19851723121643064,False,REGULAR,USD,call
SPY270630C00795000,2026-08-20 18:54:36+00:00,795.0,42.14,42.63,42.71,0.0,0.0,2.0,203,0.19555705574035645,False,REGULAR,USD,call
SPY270630C00800000,2026-08-25 18:41:59+00:00,800.0,39.68,39.94,40.02,0.83000183,2.136427,4.0,606,0.19266554412841796,False,REGULAR,USD,call
SPY270630C00805000,2026-08-25 19:34:44+00:00,805.0,36.89,37.36,37.44,-0.8199997,-2.1744888,1.0,498,0.18988847229003908,False,REGULAR,USD,call
SPY270630C00810000,2026-08-25 15:52:25+00:00,810.0,34.32,34.87,34.95,0.48999786,1.4484122,10.0,1416,0.18716480567932128,False,REGULAR,USD,call
SPY270630C00815000,2026-08-21 13:47:41+00:00,815.0,32.53,32.5,32.57,0.0,0.0,47.0,1700,0.18454794952392578,False,REGULAR,USD,call
SPY270630C00820000,2026-08-25 13:55:19+00:00,820.0,30.45,30.22,30.3,1.1500015,3.92492,4.0,1551,0.18204553314208982,False,REGULAR,USD,call
SPY270630C00825000,2026-08-25 19:34:44+00:00,825.0,27.63,28.06,28.14,0.5999985,2.2197502,3.0,1749,0.17964229789733885,False,REGULAR,USD,call
SPY270630C00830000,2026-08-25 15:53:54+00:00,830.0,25.66,26.01,26.08,0.7800007,3.135051,10.0,701,0.17732298515319825,False,REGULAR,USD,call
SPY270630C00835000,2026-08-25 19:34:44+00:00,835.0,23.68,24.06,24.13,0.8299999,3.6323848,1.0,356,0.17510285354614258,False,REGULAR,USD,call
SPY270630C00840000,2026-08-19 15:08:49+00:00,840.0,25.99,22.23,22.3,0.0,0.0,3.0,587,0.173035308303833,False,REGULAR,USD,call
SPY270630C00845000,2026-08-24 14:33:44+00:00,845.0,19.78,20.5,20.57,0.0,0.0,2.0,384,0.17105168556213382,False,REGULAR,USD,call
SPY270630C00850000,2026-08-25 20:13:31+00:00,850.0,18.92,18.88,18.95,0.62000084,3.3879828,14.0,169,0.16918250259399414,False,REGULAR,USD,call
SPY270630C00855000,2026-08-12 19:59:16+00:00,855.0,21.25,17.36,17.43,0.0,0.0,2.0,11,0.16741250076293945,False,REGULAR,USD,call
SPY270630C00860000,2026-08-24 16:39:11+00:00,860.0,15.45,15.95,16.01,0.0,0.0,1.0,466,0.16574930938720706,False,REGULAR,USD,call
SPY270630C00865000,2026-08-17 19:50:47+00:00,865.0,18.34,14.63,14.7,0.0,0.0,1.0,517,0.16423870437622073,False,REGULAR,USD,call
SPY270630C00870000,2026-08-13 14:16:00+00:00,870.0,19.09,13.41,13.47,0.0,0.0,1.0,3,0.1627738752746582,False,REGULAR,USD,call
SPY270630C00875000,2026-08-14 18:14:05+00:00,875.0,16.62,12.27,12.33,0.0,0.0,4.0,289,0.16140822731018065,False,REGULAR,USD,call
SPY270630C00880000,2026-08-24 13:52:41+00:00,880.0,10.56,11.22,11.28,0.0,0.0,1.0,341,0.1601646484375,False,REGULAR,USD,call
SPY270630C00885000,2026-08-24 18:29:06+00:00,885.0,9.9,10.24,10.3,0.0,0.0,5.0,367,0.15894395751953128,False,REGULAR,USD,call
SPY270630C00890000,2026-08-25 15:04:25+00:00,890.0,9.04,9.33,9.39,-0.4300003,-4.540658,1.0,93,0.15778430114746095,False,REGULAR,USD,call
SPY270630C00895000,2026-08-24 14:33:44+00:00,895.0,8.05,8.49,8.55,0.0,0.0,1.0,30,0.15668567932128907,False,REGULAR,USD,call
SPY270630C00900000,2026-08-25 15:04:25+00:00,900.0,7.45,7.72,7.77,0.2999997,4.1958003,1.0,523,0.1556023161315918,False,REGULAR,USD,call
SPY270630C00905000,2026-08-18 14:47:54+00:00,905.0,8.04,7.0,7.05,0.0,0.0,217.0,703,0.154579987487793,False,REGULAR,USD,call
SPY270630C00910000,2026-08-25 13:36:56+00:00,910.0,6.42,6.34,6.39,-1.3299999,-17.161291,1.0,37,0.15360343475341798,False,REGULAR,USD,call
SPY270630C00915000,2026-08-07 16:24:47+00:00,915.0,8.07,5.73,5.78,0.0,0.0,22.0,158,0.15265739929199224,False,REGULAR,USD,call
SPY270630C00920000,2026-08-24 18:45:03+00:00,920.0,4.91,5.17,5.22,0.0,0.0,250.0,796,0.15174188110351564,False,REGULAR,USD,call
SPY270630C00925000,2026-08-25 15:02:56+00:00,925.0,4.48,4.65,4.7,-0.7399998,-14.176241,1.0,635,0.15079584564208987,False,REGULAR,USD,call
SPY270630C00930000,2026-08-25 13:36:56+00:00,930.0,4.24,4.19,4.23,0.2999997,7.614206,1.0,41,0.14994136199951175,False,REGULAR,USD,call
SPY270630C00935000,2026-08-18 16:48:58+00:00,935.0,4.38,3.76,3.81,0.0,0.0,10.0,42,0.14919368881225586,False,REGULAR,USD,call
SPY270630C00940000,2026-08-19 16:17:30+00:00,940.0,4.31,3.37,3.42,0.0,0.0,1.0,18,0.1484154983520508,False,REGULAR,USD,call
SPY270630C00945000,2026-08-25 15:02:56+00:00,945.0,2.91,3.03,3.07,0.05000019,1.7482585,1.0,797,0.14771360107421877,False,REGULAR,USD,call
SPY270630C00950000,2026-08-25 13:52:44+00:00,950.0,2.76,2.71,2.75,-0.18000007,-6.1224513,2.0,10018,0.14701170379638673,False,REGULAR,USD,call
SPY270630C00955000,2026-08-13 17:35:53+00:00,955.0,4.11,2.43,2.47,0.0,0.0,2.0,333,0.14646239288330076,False,REGULAR,USD,call
SPY270630C00960000,2026-08-20 18:09:02+00:00,960.0,2.04,2.17,2.21,0.0,0.0,1.0,313,0.1458520474243164,False,REGULAR,USD,call
SPY270630C00965000,2026-08-17 16:00:39+00:00,965.0,3.03,1.94,1.98,0.0,0.0,1.0,3,0.1453332537841797,False,REGULAR,USD,call
SPY270630C00970000,2026-08-21 15:43:45+00:00,970.0,1.86,1.74,1.78,0.0,0.0,1.0,130,0.14496704650878905,False,REGULAR,USD,call
SPY270630C00975000,2026-08-13 15:39:18+00:00,975.0,2.61,1.56,1.59,0.0,0.0,1.0,3,0.14447877014160154,False,REGULAR,USD,call
SPY270630C00980000,2026-08-24 17:03:10+00:00,980.0,1.3,1.4,1.43,0.0,0.0,20.0,41,0.14420411468505856,False,REGULAR,USD,call
SPY270630C00985000,2026-08-25 14:49:04+00:00,985.0,1.18,1.26,1.29,-0.08000004,-6.3492093,7.0,8,0.14402101104736326,False,REGULAR,USD,call
SPY270630C00990000,2026-08-20 19:41:54+00:00,990.0,1.08,1.13,1.16,0.0,0.0,,279,0.14380739013671873,False,REGULAR,USD,call
SPY270630C00995000,2026-08-24 17:03:10+00:00,995.0,0.94,1.02,1.04,0.0,0.0,20.0,298,0.143563251953125,False,REGULAR,USD,call
SPY270630P00520000,2026-08-25 18:41:14+00:00,520.0,5.41,5.36,5.4,-0.20000029,-3.5650673,5.0,193,0.28864236755371087,False,REGULAR,USD,put
SPY270630P00525000,2026-08-14 15:50:29+00:00,525.0,5.8,5.57,5.61,0.0,0.0,1.0,514,0.2854075366210937,False,REGULAR,USD,put
SPY270630P00530000,2026-08-24 14:46:30+00:00,530.0,6.0,5.78,5.82,0.0,0.0,2.0,315,0.28209641250610346,False,REGULAR,USD,put
SPY270630P00535000,2026-08-21 17:33:00+00:00,535.0,6.16,6.0,6.04,0.0,0.0,1.0,36,0.2788158056640625,False,REGULAR,USD,put
SPY270630P00540000,2026-08-13 16:43:56+00:00,540.0,6.45,6.23,6.27,0.0,0.0,13.0,548,0.27558097473144527,False,REGULAR,USD,put
SPY270630P00545000,2026-08-03 18:13:59+00:00,545.0,7.61,6.47,6.52,0.0,0.0,1.0,31,0.27246821289062495,False,REGULAR,USD,put
SPY270630P00550000,2026-08-18 16:26:20+00:00,550.0,7.25,6.72,6.77,0.0,0.0,1.0,1438,0.26926389923095706,False,REGULAR,USD,put
SPY270630P00555000,2026-08-17 17:07:13+00:00,555.0,7.35,6.99,7.03,0.0,0.0,2.0,55,0.2660901028442383,False,REGULAR,USD,put
SPY270630P00560000,2026-08-24 15:35:05+00:00,560.0,7.48,7.26,7.31,0.0,0.0,2.0,205,0.2630078582763672,False,REGULAR,USD,put
SPY270630P00565000,2026-08-13 15:49:39+00:00,565.0,7.71,7.55,7.59,0.0,0.0,8.0,53,0.2598340618896484,False,REGULAR,USD,put
SPY270630P00570000,2026-08-06 15:55:20+00:00,570.0,8.4,7.85,7.89,0.0,0.0,2.0,60,0.25676707595825193,False,REGULAR,USD,put
SPY270630P00575000,2026-08-20 15:39:42+00:00,575.0,8.68,8.16,8.21,0.0,0.0,210.0,231,0.2537611245727539,False,REGULAR,USD,put
SPY270630P00580000,2026-08-18 15:03:59+00:00,580.0,9.18,8.48,8.53,0.0,0.0,2.0,71,0.2506636213684082,False,REGULAR,USD,put
SPY270630P00585000,2026-08-24 19:17:30+00:00,585.0,9.07,8.82,8.87,0.0,0.0,1.0,131,0.24764241134643555,False,REGULAR,USD,put
SPY270630P00590000,2026-08-21 15:09:26+00:00,590.0,9.44,9.18,9.23,0.0,0.0,1.0,25,0.24466697723388675,False,REGULAR,USD,put
SPY270630P00595000,2026-08-24 17:32:27+00:00,595.0,9.83,9.55,9.6,0.0,0.0,5.0,132,0.24167628448486328,False,REGULAR,USD,put
SPY270630P00600000,2026-08-25 19:53:55+00:00,600.0,9.97,9.94,9.99,-0.17000008,-1.6765293,11.0,275,0.23871610900878903,False,REGULAR,USD,put
SPY270630P00605000,2026-08-20 16:46:23+00:00,605.0,10.79,10.34,10.4,0.0,0.0,3.0,10,0.23578645080566402,False,REGULAR,USD,put
SPY270630P00610000,2026-08-14 17:05:35+00:00,610.0,10.94,10.77,10.82,0.0,0.0,1.0,23,0.23282627532958983,False,REGULAR,USD,put
SPY270630P00615000,2026-08-21 19:25:56+00:00,615.0,11.37,11.21,11.26,0.0,0.0,4.0,82,0.2298813584899902,False,REGULAR,USD,put
SPY270630P00620000,2026-08-24 14:46:06+00:00,620.0,12.06,11.67,11.72,0.0,0.0,1.0,95,0.22695170028686518,False,REGULAR,USD,put
SPY270630P00625000,2026-08-25 14:04:50+00:00,625.0,12.36,12.15,12.2,-0.44000053,-3.437504,1.0,100,0.22403730072021477,False,REGULAR,USD,put
SPY270630P00630000,2026-08-24 19:36:18+00:00,630.0,12.97,12.65,12.71,0.0,0.0,1.0,218,0.22117630638122557,False,REGULAR,USD,put
SPY270630P00635000,2026-08-07 14:04:00+00:00,635.0,13.79,13.18,13.23,0.0,0.0,1.0,23,0.21825427749633786,False,REGULAR,USD,put
SPY270630P00640000,2026-08-24 19:36:18+00:00,640.0,14.06,13.73,13.78,0.0,0.0,1.0,323,0.21537039520263673,False,REGULAR,USD,put
SPY270630P00645000,2026-08-19 14:28:23+00:00,645.0,14.72,14.29,14.36,0.0,0.0,1.0,56,0.21253228881835937,False,REGULAR,USD,put
SPY270630P00650000,2026-08-21 16:04:33+00:00,650.0,15.15,14.89,14.96,0.0,0.0,4.0,121,0.20967129447937008,False,REGULAR,USD,put
SPY270630P00655000,2026-08-18 17:41:43+00:00,655.0,16.38,15.52,15.58,0.0,0.0,1.0,33,0.2067721535491943,False,REGULAR,USD,put
SPY270630P00660000,2026-08-20 14:51:39+00:00,660.0,16.89,16.17,16.24,0.0,0.0,10.0,30,0.20394167648315426,False,REGULAR,USD,put
SPY270630P00661000,2026-08-17 13:30:02+00:00,661.0,16.29,16.3,16.37,0.0,0.0,1.0,9,0.2033465896606445,False,REGULAR,USD,put
SPY270630P00664000,2026-08-04 17:45:06+00:00,664.0,17.46,16.71,16.78,0.0,0.0,4.0,6,0.20163762237548827,False,REGULAR,USD,put
SPY270630P00665000,2026-08-21 19:41:55+00:00,665.0,17.06,16.85,16.92,0.0,0.0,4.0,2985,0.2010654235076904,False,REGULAR,USD,put
SPY270630P00666000,2026-08-03 17:48:07+00:00,666.0,19.49,16.98,17.06,0.0,0.0,1.0,5,0.20049322463989255,False,REGULAR,USD,put
SPY270630P00667000,2026-08-25 16:52:26+00:00,667.0,17.28,17.12,17.2,-7.129999,-29.209337,1.0,7,0.19991339645385742,False,REGULAR,USD,put
SPY270630P00668000,2026-08-18 18:16:54+00:00,668.0,18.15,17.27,17.34,0.0,0.0,7.0,11,0.19932593894958497,False,REGULAR,USD,put
SPY270630P00669000,2026-07-08 15:25:06+00:00,669.0,25.02,17.86,17.94,0.0,0.0,,1,0.2010349062347412,False,REGULAR,USD,put
SPY270630P00670000,2026-08-21 18:16:26+00:00,670.0,17.87,17.56,17.63,0.0,0.0,3.0,114,0.19818917053222657,False,REGULAR,USD,put
SPY270630P00671000,2026-07-08 15:23:02+00:00,671.0,25.32,18.16,18.24,0.0,0.0,3.0,5,0.19991339645385742,False,REGULAR,USD,put
SPY270630P00672000,2026-08-25 19:25:29+00:00,672.0,18.04,17.85,17.92,-0.5099983,-2.7493172,13.0,6874,0.19702188484191893,False,REGULAR,USD,put
SPY270630P00673000,2026-08-05 13:30:02+00:00,673.0,18.44,17.99,18.07,0.0,0.0,4.0,31,0.1964573152923584,False,REGULAR,USD,put
SPY270630P00674000,2026-07-17 18:42:26+00:00,674.0,25.56,18.61,18.7,0.0,0.0,1.0,2,0.1982196878051758,False,REGULAR,USD,put
SPY270630P00675000,2026-08-17 15:53:51+00:00,675.0,18.33,18.3,18.37,0.0,0.0,1.0,16,0.1953052882385254,False,REGULAR,USD,put
SPY270630P00676000,2026-08-21 17:09:32+00:00,676.0,18.71,18.45,18.53,0.0,0.0,1.0,29,0.19476360664367673,False,REGULAR,USD,put
SPY270630P00677000,2026-07-08 14:50:35+00:00,677.0,26.38,19.08,19.16,0.0,0.0,3.0,7,0.196472573928833,False,REGULAR,USD,put
SPY270630P00678000,2026-08-21 17:09:33+00:00,678.0,19.02,18.76,18.84,0.0,0.0,93.0,102,0.19361157958984376,False,REGULAR,USD,put
SPY270630P00679000,2026-07-23 19:09:46+00:00,679.0,27.36,19.39,19.48,0.0,0.0,1.0,11,0.19533580551147461,False,REGULAR,USD,put
SPY270630P00680000,2026-08-17 16:08:55+00:00,680.0,19.11,19.07,19.15,0.0,0.0,2.0,128,0.19244429389953613,False,REGULAR,USD,put
SPY270630P00681000,2026-07-23 19:10:02+00:00,681.0,27.84,19.72,19.81,0.0,0.0,1.0,4,0.19422192504882813,False,REGULAR,USD,put
SPY270630P00682000,2026-08-17 14:40:59+00:00,682.0,19.42,19.39,19.47,0.0,0.0,3.0,7,0.19129226684570313,False,REGULAR,USD,put
SPY270630P00683000,2026-08-18 19:01:14+00:00,683.0,20.42,19.55,19.63,0.0,0.0,221.0,232,0.19070480934143066,False,REGULAR,USD,put
SPY270630P00684000,2026-08-12 18:52:28+00:00,684.0,19.67,19.71,19.8,0.0,0.0,1.0,9,0.19016312774658206,False,REGULAR,USD,put
SPY270630P00685000,2026-08-17 14:45:45+00:00,685.0,19.83,19.88,19.96,0.0,0.0,1.0,34,0.189560411605835,False,REGULAR,USD,put
SPY270630P00686000,2026-07-29 15:54:42+00:00,686.0,28.7,20.05,20.13,0.0,0.0,2.0,12,0.18900347137451173,False,REGULAR,USD,put
SPY270630P00687000,2026-08-21 14:41:34+00:00,687.0,20.88,20.21,20.3,0.0,0.0,2.0,4,0.18843127250671385,False,REGULAR,USD,put
SPY270630P00688000,2026-07-23 14:19:00+00:00,688.0,28.86,20.89,20.99,0.0,0.0,1.0,2,0.19022416229248051,False,REGULAR,USD,put
SPY270630P00689000,2026-08-03 14:56:07+00:00,689.0,23.49,20.55,20.64,0.0,0.0,4.0,5,0.18727924545288088,False,REGULAR,USD,put
SPY270630P00690000,2026-08-25 17:00:45+00:00,690.0,20.78,20.72,20.81,-0.21999931,-1.0476158,20.0,105,0.18668415863037108,False,REGULAR,USD,put
SPY270630P00691000,2026-07-29 15:53:24+00:00,691.0,29.72,20.9,20.98,0.0,0.0,1.0,22,0.18608907180786133,False,REGULAR,USD,put
SPY270630P00692000,2026-08-20 14:27:35+00:00,692.0,21.97,21.07,21.16,0.0,0.0,1.0,4,0.18553213157653806,False,REGULAR,USD,put
SPY270630P00693000,2026-08-18 19:59:43+00:00,693.0,22.26,21.25,21.34,0.0,0.0,2.0,13,0.18496756202697748,False,REGULAR,USD,put
SPY270630P00694000,2026-08-20 14:27:35+00:00,694.0,22.34,21.43,21.51,0.0,0.0,1.0,37,0.18434958724975586,False,REGULAR,USD,put
SPY270630P00695000,2026-08-20 14:26:40+00:00,695.0,22.46,21.61,21.69,0.0,0.0,1.0,26,0.18376975906372067,False,REGULAR,USD,put
SPY270630P00696000,2026-08-20 14:26:53+00:00,696.0,22.67,21.79,21.88,0.0,0.0,1.0,3,0.18322807746887204,False,REGULAR,USD,put
SPY270630P00697000,2026-08-20 14:26:06+00:00,697.0,22.83,21.97,22.06,0.0,0.0,1.0,19,0.1826329906463623,False,REGULAR,USD,put
SPY270630P00698000,2026-08-24 16:45:49+00:00,698.0,22.58,22.15,22.24,0.0,0.0,4.0,9,0.1820302745056152,False,REGULAR,USD,put
SPY270630P00699000,2026-08-24 14:06:55+00:00,699.0,23.15,22.34,22.43,0.0,0.0,3.0,7,0.18146570495605469,False,REGULAR,USD,put
SPY270630P00700000,2026-08-25 17:41:25+00:00,700.0,22.75,22.53,22.62,-0.059999466,-0.26304018,9.0,270,0.1808935060882568,False,REGULAR,USD,put
SPY270630P00701000,2026-08-21 14:17:07+00:00,701.0,23.39,22.72,22.81,0.0,0.0,1.0,15,0.1803136779022217,False,REGULAR,USD,put
SPY270630P00702000,2026-08-21 14:24:34+00:00,702.0,23.55,22.91,23.0,0.0,0.0,1.0,9,0.17972622039794922,False,REGULAR,USD,put
SPY270630P00703000,2026-08-21 14:35:51+00:00,703.0,23.8,23.1,23.19,0.0,0.0,1.0,5,0.17913113357543942,False,REGULAR,USD,put
SPY270630P00704000,2026-08-18 20:10:57+00:00,704.0,24.32,23.3,23.39,0.0,0.0,1.0,252,0.1785665640258789,False,REGULAR,USD,put
SPY270630P00705000,2026-08-18 20:01:38+00:00,705.0,24.55,23.49,23.58,0.0,0.0,1.0,10,0.17795621856689453,False,REGULAR,USD,put
SPY270630P00706000,2026-08-18 20:01:41+00:00,706.0,24.74,23.69,23.78,0.0,0.0,,2,0.17737639038085937,False,REGULAR,USD,put
SPY270630P00707000,2026-08-17 19:32:52+00:00,707.0,24.28,23.89,23.98,0.0,0.0,1.0,10,0.1767889328765869,False,REGULAR,USD,put
SPY270630P00708000,2026-08-18 14:07:11+00:00,708.0,25.16,24.09,24.18,0.0,0.0,,1,0.17620147537231445,False,REGULAR,USD,put
SPY270630P00709000,2026-08-18 14:07:11+00:00,709.0,25.36,24.29,24.39,0.0,0.0,,4,0.17563690582275393,False,REGULAR,USD,put
SPY270630P00710000,2026-08-18 13:40:50+00:00,710.0,25.52,24.5,24.59,0.0,0.0,2.0,1304,0.1750265603637695,False,REGULAR,USD,put
SPY270630P00711000,2026-08-17 18:41:37+00:00,711.0,24.92,24.71,24.8,0.0,0.0,1.0,1,0.1744543614959717,False,REGULAR,USD,put
SPY270630P00712000,2026-08-20 16:57:07+00:00,712.0,25.6,24.91,25.01,0.0,0.0,78.0,80,0.17386690399169924,False,REGULAR,USD,put
SPY270630P00714000,2026-07-17 13:31:19+00:00,714.0,35.2,25.94,26.05,0.0,0.0,1.0,1,0.1751944053649902,False,REGULAR,USD,put
SPY270630P00715000,2026-08-25 20:09:55+00:00,715.0,25.67,25.55,25.65,-0.6100006,-2.3211591,1.0,66,0.17211216079711916,False,REGULAR,USD,put
SPY270630P00716000,2026-08-03 15:38:56+00:00,716.0,29.21,25.77,25.87,0.0,0.0,1.0,1,0.17153233261108397,False,REGULAR,USD,put
SPY270630P00717000,2026-08-19 19:43:27+00:00,717.0,26.09,25.98,26.08,0.0,0.0,1.0,1,0.17090672851562502,False,REGULAR,USD,put
SPY270630P00718000,2026-07-15 14:07:00+00:00,718.0,31.97,26.82,26.93,0.0,0.0,1.0,1,0.17282931671142582,False,REGULAR,USD,put
SPY270630P00720000,2026-08-24 13:53:30+00:00,720.0,27.55,26.65,26.75,0.0,0.0,1.0,63,0.16913672668457033,False,REGULAR,USD,put
SPY270630P00721000,2026-07-30 13:34:14+00:00,721.0,37.13,26.88,26.98,0.0,0.0,1.0,250,0.16855689849853522,False,REGULAR,USD,put
SPY270630P00724000,2026-08-19 13:30:04+00:00,724.0,27.75,27.57,27.67,0.0,0.0,,3,0.1667640087127686,False,REGULAR,USD,put
SPY270630P00725000,2026-08-19 20:10:45+00:00,725.0,27.84,27.8,27.91,0.0,0.0,3.0,17,0.16619180984497073,False,REGULAR,USD,put
SPY270630P00726000,2026-08-03 15:38:31+00:00,726.0,31.73,28.04,28.14,0.0,0.0,1.0,1,0.16556620574951175,False,REGULAR,USD,put
SPY270630P00727000,2026-08-10 14:06:15+00:00,727.0,28.03,28.27,28.38,0.0,0.0,10.0,10,0.16497111892700195,False,REGULAR,USD,put
SPY270630P00729000,2026-07-20 19:12:30+00:00,729.0,38.5,29.42,29.54,0.0,0.0,,1,0.1663749134826661,False,REGULAR,USD,put
SPY270630P00730000,2026-08-19 14:06:39+00:00,730.0,29.34,29.0,29.11,0.0,0.0,1.0,1192,0.16317059982299809,False,REGULAR,USD,put
SPY270630P00731000,2026-07-30 19:53:20+00:00,731.0,37.84,29.25,29.36,0.0,0.0,13.0,278,0.16257551300048828,False,REGULAR,USD,put
SPY270630P00732000,2026-08-20 19:24:26+00:00,732.0,30.79,29.5,29.61,0.0,0.0,1.0,147,0.16197279685974122,False,REGULAR,USD,put
SPY270630P00733000,2026-07-21 13:38:26+00:00,733.0,38.44,30.43,30.55,0.0,0.0,5.0,6,0.16398693687438967,False,REGULAR,USD,put
SPY270630P00734000,2026-08-20 19:24:26+00:00,734.0,31.31,30.0,30.11,0.0,0.0,170.0,172,0.1607368473052979,False,REGULAR,USD,put
SPY270630P00735000,2026-08-24 16:43:32+00:00,735.0,30.77,30.26,30.37,0.0,0.0,1.0,240,0.1601493898010254,False,REGULAR,USD,put
SPY270630P00736000,2026-08-20 19:24:26+00:00,736.0,31.83,30.52,30.63,0.0,0.0,1.0,155,0.15953904434204103,False,REGULAR,USD,put
SPY270630P00737000,2026-07-24 19:17:01+00:00,737.0,42.4,31.47,31.6,0.0,0.0,2.0,3,0.16159896026611326,False,REGULAR,USD,put
SPY270630P00738000,2026-08-13 13:43:50+00:00,738.0,30.07,31.04,31.16,0.0,0.0,1.0,67,0.1583412413787842,False,REGULAR,USD,put
SPY270630P00739000,2026-08-18 16:10:42+00:00,739.0,32.24,31.3,31.42,0.0,0.0,3.0,3,0.15770800796508788,False,REGULAR,USD,put
SPY270630P00740000,2026-08-20 16:35:29+00:00,740.0,32.38,31.57,31.69,0.0,0.0,10.0,257,0.15710529182434083,False,REGULAR,USD,put
SPY270630P00741000,2026-07-01 15:05:48+00:00,741.0,40.62,32.56,32.69,0.0,0.0,,0,0.1591957250213623,False,REGULAR,USD,put
SPY270630P00742000,2026-08-03 18:44:39+00:00,742.0,35.8,32.12,32.24,0.0,0.0,1.0,243,0.15589985954284669,False,REGULAR,USD,put
SPY270630P00743000,2026-08-04 17:23:03+00:00,743.0,33.12,32.39,32.51,0.0,0.0,1.0,1,0.15525899681091312,False,REGULAR,USD,put
SPY270630P00745000,2026-08-21 15:23:46+00:00,745.0,33.34,32.95,33.08,0.0,0.0,25.0,783,0.15406119384765626,False,REGULAR,USD,put
SPY270630P00746000,2026-07-01 13:30:00+00:00,746.0,43.5,33.97,34.11,0.0,0.0,,1,0.15618214431762695,False,REGULAR,USD,put
SPY270630P00747000,2026-08-21 14:22:11+00:00,747.0,34.35,33.52,33.65,0.0,0.0,1.0,175,0.15282524429321293,False,REGULAR,USD,put
SPY270630P00748000,2026-08-21 14:22:36+00:00,748.0,34.57,33.81,33.94,0.0,0.0,556.0,575,0.15220726951599126,False,REGULAR,USD,put
SPY270630P00749000,2026-08-21 14:22:11+00:00,749.0,34.93,34.11,34.23,0.0,0.0,78.0,84,0.15158166542053222,False,REGULAR,USD,put
SPY270630P00750000,2026-08-25 16:31:05+00:00,750.0,34.47,34.4,34.53,-0.65999985,-1.8787357,5.0,324,0.15097513462066658,False,REGULAR,USD,put
SPY270630P00751000,2026-08-21 14:22:11+00:00,751.0,35.54,34.7,34.83,0.0,0.0,1.0,153,0.1503609745025635,False,REGULAR,USD,put
SPY270630P00752000,2026-08-24 15:29:35+00:00,752.0,35.87,35.0,35.13,0.0,0.0,1.0,6,0.14973537040710452,False,REGULAR,USD,put
SPY270630P00753000,2026-07-31 16:24:40+00:00,753.0,44.05,35.31,35.44,0.0,0.0,2.0,2,0.1491326542663574,False,REGULAR,USD,put
SPY270630P00754000,2026-08-04 13:46:26+00:00,754.0,38.31,35.61,35.75,0.0,0.0,1.0,6,0.14852230880737305,False,REGULAR,USD,put
SPY270630P00755000,2026-08-25 17:54:50+00:00,755.0,36.2,35.93,36.06,-0.13999939,-0.38524872,5.0,36,0.14789670471191407,False,REGULAR,USD,put
SPY270630P00756000,2026-08-03 14:06:09+00:00,756.0,41.23,36.24,36.37,0.0,0.0,1.0,2,0.14725584197998048,False,REGULAR,USD,put
SPY270630P00757000,2026-08-03 19:59:45+00:00,757.0,40.74,36.56,36.69,0.0,0.0,3.0,44,0.14664549652099607,False,REGULAR,USD,put
SPY270630P00758000,2026-08-03 20:06:53+00:00,758.0,40.98,36.88,37.01,0.0,0.0,1.0,2,0.1460198924255371,False,REGULAR,USD,put
SPY270630P00759000,2026-08-25 14:16:02+00:00,759.0,37.64,37.2,37.34,-13.260002,-26.051085,1.0,23,0.14541717628479003,False,REGULAR,USD,put
SPY270630P00760000,2026-08-25 18:48:01+00:00,760.0,37.63,37.53,37.67,-0.62999725,-1.6466212,1.0,28,0.14480683082580567,False,REGULAR,USD,put
SPY270630P00761000,2026-07-30 18:32:17+00:00,761.0,49.24,37.86,38.0,0.0,0.0,10.0,30,0.14418122673034667,False,REGULAR,USD,put
SPY270630P00762000,2026-08-24 19:54:56+00:00,762.0,39.04,38.19,38.33,0.0,0.0,2.0,2,0.1435403639984131,False,REGULAR,USD,put
SPY270630P00763000,2026-08-24 19:54:56+00:00,763.0,39.4,38.53,38.67,0.0,0.0,2.0,3,0.14292238922119144,False,REGULAR,USD,put
SPY270630P00764000,2026-08-24 15:30:24+00:00,764.0,39.84,38.87,39.02,0.0,0.0,5.0,83,0.14233493171691894,False,REGULAR,USD,put
SPY270630P00765000,2026-08-25 18:21:00+00:00,765.0,39.59,39.22,39.36,-0.3600006,-0.90112793,9.0,215,0.14169406898498535,False,REGULAR,USD,put
SPY270630P00766000,2026-08-24 15:29:06+00:00,766.0,40.48,39.56,39.71,0.0,0.0,1.0,5,0.14106846488952637,True,REGULAR,USD,put
SPY270630P00767000,2026-08-24 14:22:53+00:00,767.0,41.0,39.92,40.06,0.0,0.0,1.0,21,0.1404352314758301,True,REGULAR,USD,put
SPY270630P00768000,2026-08-20 13:43:29+00:00,768.0,40.68,40.27,40.42,0.0,0.0,1.0,91,0.13982488601684573,True,REGULAR,USD,put
SPY270630P00769000,2026-08-19 19:18:03+00:00,769.0,40.16,40.63,40.78,0.0,0.0,1.0,266,0.13919928192138675,True,REGULAR,USD,put
SPY270630P00770000,2026-08-25 14:05:49+00:00,770.0,41.36,40.99,41.15,-0.020000458,-0.048333634,70.0,519,0.13859656578063964,True,REGULAR,USD,put
SPY270630P00775000,2026-08-25 16:46:27+00:00,775.0,42.99,42.87,43.03,-0.6899986,-1.5796672,1.0,622,0.13547617462158207,True,REGULAR,USD,put
SPY270630P00780000,2026-08-18 19:59:42+00:00,780.0,44.96,44.85,45.01,-0.7200012,-1.5761847,1.0,318,0.13234052482604983,True,REGULAR,USD,put
SPY270630P00785000,2026-08-19 19:47:10+00:00,785.0,46.49,46.93,47.1,0.0,0.0,4.0,268,0.12919724571228028,True,REGULAR,USD,put
SPY270630P00790000,2026-08-14 14:30:10+00:00,790.0,46.43,49.13,49.3,0.0,0.0,1.0,739,0.1260234493255615,True,REGULAR,USD,put
SPY270630P00795000,2026-08-25 16:58:57+00:00,795.0,51.57,51.44,51.62,-1.670002,-3.1367428,2.0,605,0.12283439430236817,True,REGULAR,USD,put
SPY270630P00800000,2026-08-25 20:05:08+00:00,800.0,54.04,53.88,54.06,-1.5599976,-2.805751,2.0,620,0.11960719268798828,True,REGULAR,USD,put
SPY270630P00805000,2026-08-25 14:41:16+00:00,805.0,57.38,56.44,56.63,-0.7899971,-1.3580834,4.0,681,0.11634184448242188,True,REGULAR,USD,put
SPY270630P00810000,2026-08-19 14:51:22+00:00,810.0,57.5,59.15,59.34,0.0,0.0,2.0,6,0.11305360832214356,True,REGULAR,USD,put
SPY270630P00815000,2026-08-24 15:40:55+00:00,815.0,63.8,60.09,63.95,0.0,0.0,2.0,5,0.11695218994140624,True,REGULAR,USD,put
SPY270630P00820000,2026-08-21 15:32:22+00:00,820.0,65.26,63.11,66.97,0.0,0.0,2.0,112,0.11398438514709472,True,REGULAR,USD,put
SPY270630P00825000,2026-08-24 13:45:21+00:00,825.0,70.57,66.49,70.15,0.0,0.0,2.0,714,0.11107761489868162,True,REGULAR,USD,put
SPY270630P00830000,2026-08-25 14:09:49+00:00,830.0,72.19,69.09,74.0,-0.36999512,-0.5099161,2.0,609,0.11061985580444336,True,REGULAR,USD,put
SPY270630P00835000,2026-08-19 15:07:33+00:00,835.0,71.64,72.59,77.5,0.0,0.0,4.0,608,0.10798011169433594,True,REGULAR,USD,put
SPY270630P00840000,2026-08-25 20:05:08+00:00,840.0,78.85,76.5,81.26,0.66999817,0.85699433,4.0,12,0.1059812303161621,True,REGULAR,USD,put
SPY270630P00845000,2026-08-25 14:41:16+00:00,845.0,83.73,80.17,85.0,-1.2699966,-1.4941137,4.0,6,0.10317364120483397,True,REGULAR,USD,put
SPY270630P00850000,2026-08-25 14:09:49+00:00,850.0,87.28,84.2,89.0,-1.0800018,-1.2222745,2.0,16,0.1010984666442871,True,REGULAR,USD,put
SPY270630P00855000,2026-08-24 15:40:55+00:00,855.0,92.9,88.5,93.34,0.0,0.0,2.0,2,0.10056441436767577,True,REGULAR,USD,put
SPY270630P00860000,2026-08-21 15:32:22+00:00,860.0,95.11,93.0,97.71,0.0,0.0,2.0,108,0.09972518936157226,True,REGULAR,USD,put
SPY270630P00865000,2026-08-17 13:36:59+00:00,865.0,90.86,97.5,102.2,0.0,0.0,2.0,5,0.09926743026733398,True,REGULAR,USD,put
SPY270630P00870000,2026-08-13 16:30:54+00:00,870.0,95.11,102.0,106.85,0.0,0.0,,0,0.09969467208862304,True,REGULAR,USD,put
SPY270630P00880000,2026-08-10 16:04:04+00:00,880.0,106.03,111.58,116.5,0.0,0.0,,0,0.10297527893066405,True,REGULAR,USD,put
SPY270630P00895000,2026-07-31 17:26:08+00:00,895.0,149.13,126.57,131.5,0.0,0.0,2.0,0,0.11231356445312499,True,REGULAR,USD,put
SPY270630P00900000,2026-08-10 16:04:04+00:00,900.0,125.83,131.63,136.5,0.0,0.0,4.0,0,0.11535003311157227,True,REGULAR,USD,put
SPY270630P00915000,2026-08-11 18:16:47+00:00,915.0,143.9,146.57,151.5,0.0,0.0,,0,0.12426107681274415,True,REGULAR,USD,put
